{"chunk_definitions":[{"chunk_id":"csetup_chunk","chunk_label":"setup","document_id":"8CFF7CB8","expansion_state":0,"options":{"engine":"r","include":false,"label":"setup"},"row":9,"row_count":1,"visible":true},{"chunk_id":"cz2scsk3f2dkc","chunk_label":"unnamed-chunk-2","document_id":"8CFF7CB8","expansion_state":0,"options":{"engine":"r","label":"unnamed-chunk-1"},"row":36,"row_count":1,"visible":true},{"chunk_id":"cen25h0dkpbfx","chunk_label":"unnamed-chunk-3","document_id":"8CFF7CB8","expansion_state":0,"options":{"engine":"r","label":"unnamed-chunk-2"},"row":41,"row_count":1,"visible":true},{"chunk_id":"cbo9nq6ffr2ky","chunk_label":"unnamed-chunk-4","document_id":"8CFF7CB8","expansion_state":0,"options":{"engine":"r","label":"unnamed-chunk-4"},"row":47,"row_count":1,"visible":true},{"chunk_id":"ci1twl2f853v5","chunk_label":"unnamed-chunk-5","document_id":"8CFF7CB8","expansion_state":0,"options":{"engine":"r","label":"unnamed-chunk-6"},"row":53,"row_count":1,"visible":true},{"chunk_id":"cvuwx74z01b4d","chunk_label":"unnamed-chunk-6","document_id":"8CFF7CB8","expansion_state":0,"options":{"engine":"r","label":"unnamed-chunk-7"},"row":72,"row_count":1,"visible":true},{"chunk_id":"cquchyhfu3f79","chunk_label":"unnamed-chunk-7","document_id":"8CFF7CB8","expansion_state":0,"options":{"engine":"r","label":"unnamed-chunk-8"},"row":85,"row_count":1,"visible":true},{"chunk_id":"ct18lffii0x7g","chunk_label":"unnamed-chunk-8","document_id":"8CFF7CB8","expansion_state":0,"options":{"engine":"r","label":"unnamed-chunk-9"},"row":95,"row_count":1,"visible":true},{"chunk_id":"ceshg4z4pnatu","chunk_label":"unnamed-chunk-9","document_id":"8CFF7CB8","expansion_state":0,"options":{"engine":"r","label":"unnamed-chunk-10"},"row":103,"row_count":1,"visible":true},{"chunk_id":"c6obhsps15llc","chunk_label":"unnamed-chunk-10","document_id":"8CFF7CB8","expansion_state":0,"options":{"engine":"r","label":"unnamed-chunk-11"},"row":109,"row_count":1,"visible":true},{"chunk_id":"ch9se41r32ig9","chunk_label":"unnamed-chunk-11","document_id":"8CFF7CB8","expansion_state":0,"options":{"engine":"r","label":"unnamed-chunk-12"},"row":115,"row_count":1,"visible":true},{"chunk_id":"cp62r6hyq9hm7","chunk_label":"unnamed-chunk-12","document_id":"8CFF7CB8","expansion_state":0,"options":{"engine":"r","eval":false,"label":"unnamed-chunk-13"},"row":120,"row_count":1,"visible":true},{"chunk_id":"cfnjsms6uyphs","chunk_label":"unnamed-chunk-13","document_id":"8CFF7CB8","expansion_state":0,"options":{"engine":"r","label":"unnamed-chunk-14"},"row":131,"row_count":1,"visible":true},{"chunk_id":"coj76oc4bvme9","chunk_label":"unnamed-chunk-14","document_id":"8CFF7CB8","expansion_state":0,"options":{"engine":"r","label":"unnamed-chunk-15"},"row":138,"row_count":1,"visible":true},{"chunk_id":"cazlih836g8cz","chunk_label":"unnamed-chunk-15","document_id":"8CFF7CB8","expansion_state":0,"options":{"engine":"r","label":"unnamed-chunk-16"},"row":144,"row_count":1,"visible":true},{"chunk_id":"cld6rbymoauob","chunk_label":"unnamed-chunk-16","document_id":"8CFF7CB8","expansion_state":0,"options":{"engine":"r","label":"unnamed-chunk-17"},"row":156,"row_count":1,"visible":true},{"chunk_id":"civyefjzvwlvp","chunk_label":"unnamed-chunk-17","document_id":"8CFF7CB8","expansion_state":0,"options":{"engine":"r","label":"unnamed-chunk-18"},"row":166,"row_count":1,"visible":true},{"chunk_id":"ctobuuwo6qws7","chunk_label":"unnamed-chunk-18","document_id":"8CFF7CB8","expansion_state":0,"options":{"engine":"r","label":"unnamed-chunk-19"},"row":173,"row_count":1,"visible":true},{"chunk_id":"c4w1q7fnp4j0w","chunk_label":"unnamed-chunk-19","document_id":"8CFF7CB8","expansion_state":0,"options":{"engine":"r","label":"unnamed-chunk-20"},"row":182,"row_count":1,"visible":true},{"chunk_id":"cnv3w6ohg75l1","chunk_label":"unnamed-chunk-20","document_id":"8CFF7CB8","expansion_state":0,"options":{"engine":"r","label":"unnamed-chunk-21"},"row":190,"row_count":1,"visible":true},{"chunk_id":"cf48vzx7zgefk","chunk_label":"unnamed-chunk-21","document_id":"8CFF7CB8","expansion_state":0,"options":{"engine":"r","label":"unnamed-chunk-22"},"row":196,"row_count":1,"visible":true},{"chunk_id":"cto10e8pb3az4","chunk_label":"unnamed-chunk-22","document_id":"8CFF7CB8","expansion_state":0,"options":{"engine":"r","label":"unnamed-chunk-23"},"row":202,"row_count":1,"visible":true},{"chunk_id":"cma0bco0oobwz","chunk_label":"unnamed-chunk-23","document_id":"8CFF7CB8","expansion_state":0,"options":{"engine":"r","label":"unnamed-chunk-24"},"row":213,"row_count":1,"visible":true},{"chunk_id":"c3gc2d3gu8i5g","chunk_label":"unnamed-chunk-25","document_id":"8CFF7CB8","expansion_state":0,"options":{"engine":"r","label":"unnamed-chunk-25"},"row":229,"row_count":1,"visible":true},{"chunk_id":"chua26txwcq0z","chunk_label":"unnamed-chunk-26","document_id":"8CFF7CB8","expansion_state":0,"options":{"engine":"r","label":"unnamed-chunk-26"},"row":237,"row_count":1,"visible":true},{"chunk_id":"cjzex3umo8iky","chunk_label":"unnamed-chunk-27","document_id":"8CFF7CB8","expansion_state":0,"options":{"engine":"r","label":"unnamed-chunk-27"},"row":244,"row_count":1,"visible":true},{"chunk_id":"cqbbml9bxt3em","chunk_label":"unnamed-chunk-28","document_id":"8CFF7CB8","expansion_state":0,"options":{"engine":"r","label":"unnamed-chunk-28"},"row":255,"row_count":1,"visible":true},{"chunk_id":"cndqqm66oc5gc","chunk_label":"unnamed-chunk-29","document_id":"8CFF7CB8","expansion_state":0,"options":{"engine":"r","label":"unnamed-chunk-29"},"row":262,"row_count":1,"visible":true},{"chunk_id":"c8jc5redzrpw0","chunk_label":"unnamed-chunk-30","document_id":"8CFF7CB8","expansion_state":0,"options":{"engine":"r","label":"unnamed-chunk-30"},"row":268,"row_count":1,"visible":true},{"chunk_id":"ce3ywv3vcg37z","chunk_label":"unnamed-chunk-31","document_id":"8CFF7CB8","expansion_state":0,"options":{"engine":"r","label":"unnamed-chunk-31"},"row":276,"row_count":1,"visible":true},{"chunk_id":"c37aiwo8k41vn","chunk_label":"unnamed-chunk-32","document_id":"8CFF7CB8","expansion_state":0,"options":{"engine":"r","label":"unnamed-chunk-37"},"row":284,"row_count":1,"visible":true},{"chunk_id":"cid7uigslljxj","chunk_label":"unnamed-chunk-33","document_id":"8CFF7CB8","expansion_state":0,"options":{"engine":"r","label":"unnamed-chunk-38"},"row":291,"row_count":1,"visible":true},{"chunk_id":"cu7qev0d34iun","chunk_label":"unnamed-chunk-34","document_id":"8CFF7CB8","expansion_state":0,"options":{"engine":"r","label":"unnamed-chunk-44"},"row":304,"row_count":1,"visible":true},{"chunk_id":"csuara7pc6hbt","chunk_label":"unnamed-chunk-35","document_id":"8CFF7CB8","expansion_state":0,"options":{"engine":"r","label":"unnamed-chunk-46"},"row":312,"row_count":1,"visible":true},{"chunk_id":"c71653l1a0p5r","chunk_label":"unnamed-chunk-36","document_id":"8CFF7CB8","expansion_state":0,"options":{"engine":"r","label":"unnamed-chunk-48"},"row":322,"row_count":1,"visible":true},{"chunk_id":"cty9q3n2twpgr","chunk_label":"unnamed-chunk-37","document_id":"8CFF7CB8","expansion_state":0,"options":{"engine":"r","label":"unnamed-chunk-49"},"row":328,"row_count":1,"visible":true}],"chunk_rendered_width":663,"default_chunk_options":{"comment":null,"echo":true,"error":false},"doc_write_time":1509348232,"working_dir":null}