"0","nutri$meat <- as.ordered(nutri$meat)"
"0","nutri$fish <- as.ordered(nutri$fish)"
"0","nutri$raw_fruit <- as.ordered(nutri$raw_fruit)"
"0","nutri$cooked_fruit_veg <- as.ordered(nutri$cooked_fruit_veg)"
"0","nutri$chocol <- as.ordered(nutri$chocol)"
"0","mylevels <- c(""never"",""<1/week."",""1/week."",""2-3/week."",""4-6/week."",""1/day"")"
"0","levels(nutri$chocol) <- levels(nutri$cooked_fruit_veg) <- levels(nutri$raw_fruit) <- mylevels"
"0","levels(nutri$fish) <- levels(nutri$meat) <- mylevels"
